{
  "config": {
    "N": 20000,
    "dim": 128,
    "queries": 200,
    "dataset": "news_category"
  },
  "flatip": {
    "ndcg": 0.5817661493324927,
    "recall": 0.515,
    "lat_ms": 0.8689761161804199
  },
  "hnsw_128": {
    "ndcg": 0.5817661493324927,
    "recall": 0.515,
    "lat_ms": 0.2929723262786865
  },
  "ivf_20": {
    "ndcg": 0.5837203151315277,
    "recall": 0.518,
    "lat_ms": 0.14241814613342285
  },
  "madhava": {
    "ndcg": 0.5828049467164037,
    "recall": 0.5165000000000001,
    "lat_ms": 1.0885870456695557,
    "build_s": 0.0196685791015625
  }
}