{
  "N=1000": {
    "flat_ms": 0.2683480580647786,
    "hnsw_ms": 0.69122314453125,
    "ivf_10": 0.3270943959554036,
    "ivf_20": 0.39157867431640625,
    "ivf_50": 0.47939618428548175,
    "mad_ms": 0.5472024281819662,
    "build_s": 0.019248008728027344,
    "ndcg": 0.9331651705069144,
    "n1": 500,
    "viol": {
      "32D": 0,
      "64D": 0
    }
  },
  "N=5000": {
    "flat_ms": 0.7252693176269531,
    "hnsw_ms": 1.1706829071044922,
    "ivf_10": 0.4507780075073242,
    "ivf_20": 0.6150722503662109,
    "ivf_50": 0.9915828704833984,
    "mad_ms": 0.6203889846801758,
    "build_s": 0.011720657348632812,
    "ndcg": 0.6705230251655561,
    "n1": 500,
    "viol": {
      "32D": 0,
      "64D": 0
    }
  },
  "N=10000": {
    "flat_ms": 1.5835421425955636,
    "hnsw_ms": 1.1837823050362724,
    "ivf_10": 0.4387923649379185,
    "ivf_20": 0.6901877267020089,
    "ivf_50": 1.2825557163783483,
    "mad_ms": 0.9903226579938617,
    "build_s": 0.019737958908081055,
    "ndcg": 0.5035389634021022,
    "n1": 500,
    "viol": {
      "32D": 0,
      "64D": 0
    }
  },
  "N=50000": {
    "flat_ms": 7.290410995483398,
    "hnsw_ms": 2.346944808959961,
    "ivf_10": 0.7813930511474609,
    "ivf_20": 1.2980461120605469,
    "ivf_50": 2.5780200958251953,
    "mad_ms": 2.420520782470703,
    "build_s": 0.09315323829650879,
    "ndcg": 0.666609296154338,
    "n1": 1637,
    "viol": {
      "32D": 0,
      "64D": 0
    }
  },
  "N=200000": {
    "flat_ms": 18.29679807027181,
    "hnsw_ms": 1.8475055694580078,
    "ivf_10": 1.459042231241862,
    "ivf_20": 2.6406447092692056,
    "ivf_50": 5.9901078542073565,
    "mad_ms": 10.034322738647461,
    "build_s": 0.5035045146942139,
    "ndcg": 0.5026254233261712,
    "n1": 6315,
    "viol": {
      "32D": 0,
      "64D": 0
    }
  },
  "N=500000": {
    "flat_ms": 34.05892848968506,
    "hnsw_ms": 3.847360610961914,
    "ivf_10": 2.9000043869018555,
    "ivf_20": 3.8672685623168945,
    "ivf_50": 10.530829429626465,
    "mad_ms": 30.82287311553955,
    "build_s": 1.2061548233032227,
    "ndcg": 0.28870543739677146,
    "n1": 15595,
    "viol": {
      "32D": 0,
      "64D": 0
    }
  },
  "N=1000000": {
    "flat_ms": 67.87443161010742,
    "hnsw_ms": 3.3702850341796875,
    "ivf_10": 3.455638885498047,
    "ivf_20": 8.497238159179688,
    "ivf_50": 15.02537727355957,
    "mad_ms": 47.71983623504639,
    "build_s": 1.6864798069000244,
    "ndcg": 0.46518752075441017,
    "n1": 33037,
    "viol": {
      "32D": 0,
      "64D": 0
    }
  }
}